date,monthly_return
2021-01-31,-0.0101
2021-02-28,0.0276
2021-03-31,0.0438
2021-04-30,0.0534
2021-05-31,0.0070
2021-06-30,0.0233
2021-07-31,0.0238
2021-08-31,0.0304
2021-09-30,-0.0465
2021-10-31,0.0701
2021-11-30,-0.0069
2021-12-31,0.0448
2022-01-31,0.0711
2022-02-28,0.0551
2022-03-31,0.0204
2022-04-30,-0.0074
2022-05-31,-0.0034
2022-06-30,-0.1036
2022-07-31,0.0180
2022-08-31,-0.0143
2022-09-30,0.0240
2022-10-31,0.0260
2022-11-30,0.0688
2022-12-31,-0.0093
2023-01-31,0.0238
2023-02-28,0.0828
2023-03-31,-0.0187
2023-04-30,0.0103
2023-05-31,0.0112
2023-06-30,-0.0523
2023-07-31,0.0256
2023-08-31,-0.0458
2023-09-30,0.0725
2023-10-31,-0.0522
2023-11-30,0.0201
2023-12-31,0.0037
2024-01-31,0.0255
2024-02-29,0.0301
2024-03-31,-0.0330
2024-04-30,0.0274
2024-05-31,-0.0201
2024-06-30,0.0387
2024-07-31,-0.0470
2024-08-31,-0.0267
2024-09-30,0.0054
2024-10-31,0.0416
2024-11-30,-0.0064
2024-12-31,0.0018
2025-01-31,0.0713
2025-02-28,0.0408
2025-03-31,0.0072
2025-04-30,-0.0181
2025-05-31,-0.0207
2025-06-30,-0.0128
2025-07-31,-0.0295
2025-08-31,0.0234
2025-09-30,0.0336
2025-10-31,0.0431
2025-11-30,-0.0365
2025-12-31,0.0040
2026-01-31,-0.0171
2026-02-28,0.0981
2026-03-31,0.0576
2026-04-30,-0.0651
2026-05-31,0.0601
2026-06-30,0.0481
2026-07-31,0.0191
2026-08-31,0.0531
2026-09-30,0.0554
2026-10-31,0.0082
2026-11-30,0.0364
2026-12-31,-0.0109
